<?xml version="1.0" encoding="UTF-8"?>
<package id="1" uuid="ed6cfb22-baa4-469b-b736-3ebde9cf99f7">
  <dateCreated id="2">2020-03-10 08:35:42</dateCreated>
  <name>PatientIdentifierTypes</name>
  <description>patient identifier type</description>
  <openmrsVersion>2.1.1  Build 725db5</openmrsVersion>
  <version>1</version>
  <groupUuid>41f0e3e9-1695-4c6b-a9ee-f511aad7d7db</groupUuid>
  <modules id="3">
    <entry>
      <string>calculation</string>
      <string>1.2</string>
    </entry>
    <entry>
      <string>legacyui</string>
      <string>1.3.3</string>
    </entry>
    <entry>
      <string>metadatasharing</string>
      <string>1.2.2</string>
    </entry>
    <entry>
      <string>elisatomfeedclient</string>
      <string>0.91-SNAPSHOT</string>
    </entry>
    <entry>
      <string>bedmanagement</string>
      <string>5.11.0-SNAPSHOT</string>
    </entry>
    <entry>
      <string>providermanagement</string>
      <string>2.5.0</string>
    </entry>
    <entry>
      <string>exti18n</string>
      <string>1.0.0</string>
    </entry>
    <entry>
      <string>bacteriology</string>
      <string>1.2-SNAPSHOT</string>
    </entry>
    <entry>
      <string>htmlwidgets</string>
      <string>1.8.0</string>
    </entry>
    <entry>
      <string>reference-data</string>
      <string>0.93-SNAPSHOT</string>
    </entry>
    <entry>
      <string>operationtheater</string>
      <string>1.2.1</string>
    </entry>
    <entry>
      <string>addresshierarchy</string>
      <string>2.12.0-SNAPSHOT</string>
    </entry>
    <entry>
      <string>reportingrest</string>
      <string>1.10.0</string>
    </entry>
    <entry>
      <string>uiframework</string>
      <string>3.8</string>
    </entry>
    <entry>
      <string>rulesengine</string>
      <string>0.91-SNAPSHOT</string>
    </entry>
    <entry>
      <string>idgen-webservices</string>
      <string>1.3-SNAPSHOT</string>
    </entry>
    <entry>
      <string>event</string>
      <string>2.5</string>
    </entry>
    <entry>
      <string>uicommons</string>
      <string>2.3.0</string>
    </entry>
    <entry>
      <string>reporting</string>
      <string>1.16.0</string>
    </entry>
    <entry>
      <string>emrapi</string>
      <string>1.24.5</string>
    </entry>
    <entry>
      <string>episodes</string>
      <string>1.0-SNAPSHOT</string>
    </entry>
    <entry>
      <string>appointments</string>
      <string>1.2-SNAPSHOT</string>
    </entry>
    <entry>
      <string>idgen</string>
      <string>4.4.1</string>
    </entry>
    <entry>
      <string>auditlog</string>
      <string>1.1-SNAPSHOT</string>
    </entry>
    <entry>
      <string>bahmnicore</string>
      <string>0.93-SNAPSHOT</string>
    </entry>
    <entry>
      <string>uilibrary</string>
      <string>2.0.5</string>
    </entry>
    <entry>
      <string>initializer</string>
      <string>1.2.0-SNAPSHOT</string>
    </entry>
    <entry>
      <string>appframework</string>
      <string>2.10.0</string>
    </entry>
    <entry>
      <string>webservices.rest</string>
      <string>2.24.0.573609</string>
    </entry>
    <entry>
      <string>openmrs-atomfeed</string>
      <string>2.5.6</string>
    </entry>
    <entry>
      <string>owa</string>
      <string>1.9.0</string>
    </entry>
    <entry>
      <string>metadatamapping</string>
      <string>1.3.1</string>
    </entry>
    <entry>
      <string>bahmni.ie.apps</string>
      <string>0.91-SNAPSHOT</string>
    </entry>
    <entry>
      <string>serialization.xstream</string>
      <string>0.2.12</string>
    </entry>
  </modules>
  <items class="linked-hash-set" id="4">
    <org.openmrs.module.metadatasharing.Item id="5" uuid="0d2ac572-8de3-46c8-9976-1f78899c599f">
      <id>4</id>
      <classname>org.openmrs.PatientIdentifierType</classname>
      <dateChanged id="6">2020-02-25 16:52:04</dateChanged>
      <retired>true</retired>
    </org.openmrs.module.metadatasharing.Item>
    <org.openmrs.module.metadatasharing.Item id="7" uuid="27898556-067b-4e52-a2c0-572126e3d3de">
      <id>10</id>
      <classname>org.openmrs.PatientIdentifierType</classname>
      <dateChanged id="8">2020-03-10 08:29:39</dateChanged>
      <retired>false</retired>
    </org.openmrs.module.metadatasharing.Item>
    <org.openmrs.module.metadatasharing.Item id="9" uuid="5cf49ae0-4645-4d47-9283-070fabfe4992">
      <id>11</id>
      <classname>org.openmrs.PatientIdentifierType</classname>
      <dateChanged id="10">2020-03-10 08:30:48</dateChanged>
      <retired>false</retired>
    </org.openmrs.module.metadatasharing.Item>
    <org.openmrs.module.metadatasharing.Item id="11" uuid="81433852-3f10-11e4-adec-0800271c1b75">
      <id>3</id>
      <classname>org.openmrs.PatientIdentifierType</classname>
      <dateChanged id="12">2020-02-25 16:52:04</dateChanged>
      <retired>true</retired>
    </org.openmrs.module.metadatasharing.Item>
    <org.openmrs.module.metadatasharing.Item id="13" uuid="8d793bee-c2cc-11de-8d13-0010c6dffd0f">
      <id>1</id>
      <classname>org.openmrs.PatientIdentifierType</classname>
      <dateChanged id="14">2020-02-25 16:52:04</dateChanged>
      <retired>true</retired>
    </org.openmrs.module.metadatasharing.Item>
    <org.openmrs.module.metadatasharing.Item id="15" uuid="8d79403a-c2cc-11de-8d13-0010c6dffd0f">
      <id>2</id>
      <classname>org.openmrs.PatientIdentifierType</classname>
      <dateChanged id="16">2020-02-25 16:52:04</dateChanged>
      <retired>true</retired>
    </org.openmrs.module.metadatasharing.Item>
    <org.openmrs.module.metadatasharing.Item id="17" uuid="b303f207-a094-457f-9833-f1cdc7b5d184">
      <id>5</id>
      <classname>org.openmrs.PatientIdentifierType</classname>
      <dateChanged id="18">2020-03-10 08:34:38</dateChanged>
      <retired>true</retired>
    </org.openmrs.module.metadatasharing.Item>
    <org.openmrs.module.metadatasharing.Item id="19" uuid="c9da1e84-bddf-4675-927f-125ef31a785b">
      <id>12</id>
      <classname>org.openmrs.PatientIdentifierType</classname>
      <dateChanged id="20">2020-03-10 08:32:29</dateChanged>
      <retired>false</retired>
    </org.openmrs.module.metadatasharing.Item>
    <org.openmrs.module.metadatasharing.Item id="21" uuid="e26ca279-8f57-44a5-9ed8-8cc16e90e559">
      <id>6</id>
      <classname>org.openmrs.PatientIdentifierType</classname>
      <dateChanged id="22">2020-03-10 08:34:26</dateChanged>
      <retired>true</retired>
    </org.openmrs.module.metadatasharing.Item>
    <org.openmrs.module.metadatasharing.Item id="23" uuid="e797f826-8e8f-11e7-bb31-be2e44b06b34">
      <id>7</id>
      <classname>org.openmrs.PatientIdentifierType</classname>
      <dateChanged id="24">2020-03-10 08:34:43</dateChanged>
      <retired>true</retired>
    </org.openmrs.module.metadatasharing.Item>
    <org.openmrs.module.metadatasharing.Item id="25" uuid="e797face-8e8f-11e7-bb31-be2e44b06b34">
      <id>8</id>
      <classname>org.openmrs.PatientIdentifierType</classname>
      <dateChanged id="26">2020-03-10 08:35:03</dateChanged>
      <retired>true</retired>
    </org.openmrs.module.metadatasharing.Item>
    <org.openmrs.module.metadatasharing.Item id="27" uuid="f54ed6b9-f5b9-4fd5-a588-8f7561a78401">
      <id>9</id>
      <classname>org.openmrs.PatientIdentifierType</classname>
      <dateChanged id="28">2020-03-10 08:34:52</dateChanged>
      <retired>true</retired>
    </org.openmrs.module.metadatasharing.Item>
  </items>
  <relatedItems class="linked-hash-set" id="29"/>
</package>
