<?xml version="1.0" encoding="UTF-8"?>
<list id="1">
  <org.openmrs.PatientIdentifierType id="2" uuid="0d2ac572-8de3-46c8-9976-1f78899c599f">
    <name>National ID</name>
    <description>National ID</description>
    <creator/>
    <dateCreated id="3">2016-11-10 12:03:26</dateCreated>
    <changedBy/>
    <dateChanged id="4">2020-02-25 16:52:04</dateChanged>
    <retired>true</retired>
    <dateRetired id="5">2018-10-08 04:06:14</dateRetired>
    <retiredBy/>
    <retireReason>NOT USED</retireReason>
    <patientIdentifierTypeId>4</patientIdentifierTypeId>
    <required>false</required>
    <checkDigit>false</checkDigit>
    <locationBehavior>NOT_USED</locationBehavior>
  </org.openmrs.PatientIdentifierType>
  <org.openmrs.PatientIdentifierType id="6" uuid="27898556-067b-4e52-a2c0-572126e3d3de">
    <name>Identifiant Patient</name>
    <description>4 alpha (unique for each hospital in the country) + 2 numeric (year) + 8 numeric, incremental (starting from 00001000)</description>
    <creator/>
    <dateCreated id="7">2020-03-10 08:29:39</dateCreated>
    <retired>false</retired>
    <patientIdentifierTypeId>10</patientIdentifierTypeId>
    <required>false</required>
    <checkDigit>false</checkDigit>
    <locationBehavior>NOT_USED</locationBehavior>
  </org.openmrs.PatientIdentifierType>
  <org.openmrs.PatientIdentifierType id="8" uuid="5cf49ae0-4645-4d47-9283-070fabfe4992">
    <name>CMU</name>
    <description>Couverture Maladie Universelle. (13 alphanumeric digits)</description>
    <creator/>
    <dateCreated id="9">2020-03-10 08:30:48</dateCreated>
    <retired>false</retired>
    <patientIdentifierTypeId>11</patientIdentifierTypeId>
    <required>false</required>
    <checkDigit>false</checkDigit>
    <locationBehavior>NOT_USED</locationBehavior>
  </org.openmrs.PatientIdentifierType>
  <org.openmrs.PatientIdentifierType id="10" uuid="81433852-3f10-11e4-adec-0800271c1b75">
    <name>Patient Identifier</name>
    <description>New patient identifier type created for use by the Bahmni Registration System</description>
    <creator/>
    <dateCreated id="11">2014-09-18 00:00:00</dateCreated>
    <changedBy/>
    <dateChanged id="12">2020-02-25 16:52:04</dateChanged>
    <retired>true</retired>
    <dateRetired id="13">2018-10-08 03:43:32</dateRetired>
    <retiredBy/>
    <retireReason>NOT USED</retireReason>
    <patientIdentifierTypeId>3</patientIdentifierTypeId>
    <required>true</required>
    <checkDigit>false</checkDigit>
    <locationBehavior>NOT_USED</locationBehavior>
  </org.openmrs.PatientIdentifierType>
  <org.openmrs.PatientIdentifierType id="14" uuid="8d793bee-c2cc-11de-8d13-0010c6dffd0f">
    <name>OpenMRS ID</name>
    <description>Unique number used in OpenMRS</description>
    <creator/>
    <dateCreated id="15">2005-09-22 00:00:00</dateCreated>
    <changedBy/>
    <dateChanged id="16">2020-02-25 16:52:04</dateChanged>
    <retired>true</retired>
    <dateRetired id="17">2018-10-09 05:51:54</dateRetired>
    <retiredBy/>
    <retireReason>NOT USED</retireReason>
    <patientIdentifierTypeId>1</patientIdentifierTypeId>
    <format>[0-9]{7}</format>
    <required>false</required>
    <checkDigit>false</checkDigit>
  </org.openmrs.PatientIdentifierType>
  <org.openmrs.PatientIdentifierType id="18" uuid="8d79403a-c2cc-11de-8d13-0010c6dffd0f">
    <name>Old Identification Number</name>
    <description>Number given out prior to the OpenMRS system (No check digit)</description>
    <creator/>
    <dateCreated id="19">2005-09-22 00:00:00</dateCreated>
    <changedBy/>
    <dateChanged id="20">2020-02-25 16:52:04</dateChanged>
    <retired>true</retired>
    <dateRetired id="21">2018-10-07 18:53:33</dateRetired>
    <retiredBy/>
    <retireReason>NOT USED</retireReason>
    <patientIdentifierTypeId>2</patientIdentifierTypeId>
    <required>false</required>
    <checkDigit>false</checkDigit>
  </org.openmrs.PatientIdentifierType>
  <org.openmrs.PatientIdentifierType id="22" uuid="b303f207-a094-457f-9833-f1cdc7b5d184">
    <name>Numéro Dossier</name>
    <description>Unique number used in HSC</description>
    <creator/>
    <dateCreated id="23">2018-10-09 04:58:49</dateCreated>
    <changedBy/>
    <dateChanged id="24">2020-03-10 08:34:38</dateChanged>
    <retired>true</retired>
    <dateRetired id="25">2020-03-10 08:34:38</dateRetired>
    <retiredBy/>
    <retireReason>Not used</retireReason>
    <patientIdentifierTypeId>5</patientIdentifierTypeId>
    <format>[0-9]{7}</format>
    <required>false</required>
    <checkDigit>false</checkDigit>
    <locationBehavior>NOT_USED</locationBehavior>
    <uniquenessBehavior>UNIQUE</uniquenessBehavior>
  </org.openmrs.PatientIdentifierType>
  <org.openmrs.PatientIdentifierType id="26" uuid="c9da1e84-bddf-4675-927f-125ef31a785b">
    <name>Carte d’Identité</name>
    <description>Carte nationale d&apos;identité</description>
    <creator/>
    <dateCreated id="27">2020-03-10 08:32:29</dateCreated>
    <retired>false</retired>
    <patientIdentifierTypeId>12</patientIdentifierTypeId>
    <required>false</required>
    <checkDigit>false</checkDigit>
    <locationBehavior>NOT_USED</locationBehavior>
  </org.openmrs.PatientIdentifierType>
  <org.openmrs.PatientIdentifierType id="28" uuid="e26ca279-8f57-44a5-9ed8-8cc16e90e559">
    <name>Biometrics Reference Code</name>
    <description>Code referencing a patient&apos;s record in an external biometrics system</description>
    <creator/>
    <dateCreated id="29">2018-10-08 04:06:01</dateCreated>
    <changedBy/>
    <dateChanged id="30">2020-03-10 08:34:26</dateChanged>
    <retired>true</retired>
    <dateRetired id="31">2020-03-10 08:34:26</dateRetired>
    <retiredBy/>
    <retireReason>Not used</retireReason>
    <patientIdentifierTypeId>6</patientIdentifierTypeId>
    <required>false</required>
    <checkDigit>false</checkDigit>
    <locationBehavior>NOT_USED</locationBehavior>
  </org.openmrs.PatientIdentifierType>
  <org.openmrs.PatientIdentifierType id="32" uuid="e797f826-8e8f-11e7-bb31-be2e44b06b34">
    <name>NIF</name>
    <description>Numéro d&apos;Identité Fiscale, The Haiti Tax Identification Number (NIF) is issued by the Direction Générale des Impôts (DGI) since 1987.  Any Haitian natural or legal person gets this 10-digit number.</description>
    <creator/>
    <dateCreated id="33">2018-10-08 04:07:42</dateCreated>
    <changedBy/>
    <dateChanged id="34">2020-03-10 08:34:43</dateChanged>
    <retired>true</retired>
    <dateRetired id="35">2020-03-10 08:34:43</dateRetired>
    <retiredBy/>
    <retireReason>Not used</retireReason>
    <patientIdentifierTypeId>7</patientIdentifierTypeId>
    <required>false</required>
    <checkDigit>false</checkDigit>
    <locationBehavior>NOT_USED</locationBehavior>
  </org.openmrs.PatientIdentifierType>
  <org.openmrs.PatientIdentifierType id="36" uuid="e797face-8e8f-11e7-bb31-be2e44b06b34">
    <name>CIN</name>
    <description>Carte d&apos;Identification Nationale, The Haiti national identification card is meant to replace the fiscal identity card.  Created 2005.</description>
    <creator/>
    <dateCreated id="37">2018-10-09 05:53:04</dateCreated>
    <changedBy/>
    <dateChanged id="38">2020-03-10 08:35:03</dateChanged>
    <retired>true</retired>
    <dateRetired id="39">2020-03-10 08:35:03</dateRetired>
    <retiredBy/>
    <retireReason>Not used</retireReason>
    <patientIdentifierTypeId>8</patientIdentifierTypeId>
    <required>false</required>
    <checkDigit>false</checkDigit>
    <locationBehavior>NOT_USED</locationBehavior>
  </org.openmrs.PatientIdentifierType>
  <org.openmrs.PatientIdentifierType id="40" uuid="f54ed6b9-f5b9-4fd5-a588-8f7561a78401">
    <name>ECID</name>
    <description>Code referencing a patient&apos;s record in the SEDISH Master Person Index (Enterprise Client ID)</description>
    <creator/>
    <dateCreated id="41">2018-10-09 05:54:01</dateCreated>
    <changedBy/>
    <dateChanged id="42">2020-03-10 08:34:52</dateChanged>
    <retired>true</retired>
    <dateRetired id="43">2020-03-10 08:34:52</dateRetired>
    <retiredBy/>
    <retireReason>Not used</retireReason>
    <patientIdentifierTypeId>9</patientIdentifierTypeId>
    <required>false</required>
    <checkDigit>false</checkDigit>
    <locationBehavior>NOT_USED</locationBehavior>
  </org.openmrs.PatientIdentifierType>
</list>
