<?xml version="1.0" encoding="UTF-8"?>
<list id="1">
  <org.openmrs.PatientIdentifierType id="2" uuid="0d2ac572-8de3-46c8-9976-1f78899c599f">
    <name>National ID</name>
    <description>National ID</description>
    <creator/>
    <dateCreated id="3">2016-11-10 12:03:26</dateCreated>
    <changedBy/>
    <dateChanged id="4">2020-03-10 10:40:41</dateChanged>
    <retired>true</retired>
    <dateRetired id="5">2020-03-10 10:40:41</dateRetired>
    <retiredBy/>
    <retireReason>Not used</retireReason>
    <patientIdentifierTypeId>4</patientIdentifierTypeId>
    <required>false</required>
    <checkDigit>false</checkDigit>
    <locationBehavior>NOT_USED</locationBehavior>
  </org.openmrs.PatientIdentifierType>
  <org.openmrs.PatientIdentifierType id="6" uuid="27898556-067b-4e52-a2c0-572126e3d3de">
    <name>Identifiant Patient</name>
    <description>4 alpha (unique for each hospital in the country) + 2 numeric (year) + 8 numeric, incremental (starting from 00001000)</description>
    <creator/>
    <dateCreated id="7">2020-03-10 08:29:39</dateCreated>
    <dateChanged id="8">2020-03-10 09:55:08</dateChanged>
    <retired>false</retired>
    <patientIdentifierTypeId>5</patientIdentifierTypeId>
    <required>false</required>
    <checkDigit>false</checkDigit>
    <locationBehavior>NOT_USED</locationBehavior>
  </org.openmrs.PatientIdentifierType>
  <org.openmrs.PatientIdentifierType id="9" uuid="5cf49ae0-4645-4d47-9283-070fabfe4992">
    <name>CMU</name>
    <description>Couverture Maladie Universelle. (13 alphanumeric digits)</description>
    <creator/>
    <dateCreated id="10">2020-03-10 08:30:48</dateCreated>
    <dateChanged id="11">2020-03-10 09:55:08</dateChanged>
    <retired>false</retired>
    <patientIdentifierTypeId>6</patientIdentifierTypeId>
    <required>false</required>
    <checkDigit>false</checkDigit>
    <locationBehavior>NOT_USED</locationBehavior>
  </org.openmrs.PatientIdentifierType>
  <org.openmrs.PatientIdentifierType id="12" uuid="81433852-3f10-11e4-adec-0800271c1b75">
    <name>Patient Identifier</name>
    <description>New patient identifier type created for use by the Bahmni Registration System</description>
    <creator/>
    <dateCreated id="13">2014-09-18 00:00:00</dateCreated>
    <changedBy/>
    <dateChanged id="14">2020-03-10 10:40:35</dateChanged>
    <retired>true</retired>
    <dateRetired id="15">2020-03-10 10:40:35</dateRetired>
    <retiredBy/>
    <retireReason>Not used</retireReason>
    <patientIdentifierTypeId>3</patientIdentifierTypeId>
    <required>true</required>
    <checkDigit>false</checkDigit>
    <locationBehavior>NOT_USED</locationBehavior>
  </org.openmrs.PatientIdentifierType>
  <org.openmrs.PatientIdentifierType id="16" uuid="8d793bee-c2cc-11de-8d13-0010c6dffd0f">
    <name>OpenMRS Identification Number</name>
    <description>Unique number used in OpenMRS</description>
    <creator/>
    <dateCreated id="17">2005-09-22 00:00:00</dateCreated>
    <changedBy/>
    <dateChanged id="18">2020-03-10 10:40:51</dateChanged>
    <retired>true</retired>
    <dateRetired id="19">2020-03-10 10:40:51</dateRetired>
    <retiredBy/>
    <retireReason>Not used</retireReason>
    <patientIdentifierTypeId>1</patientIdentifierTypeId>
    <required>false</required>
    <checkDigit>false</checkDigit>
    <validator>org.openmrs.patient.impl.LuhnIdentifierValidator</validator>
  </org.openmrs.PatientIdentifierType>
  <org.openmrs.PatientIdentifierType id="20" uuid="8d79403a-c2cc-11de-8d13-0010c6dffd0f">
    <name>Old Identification Number</name>
    <description>Number given out prior to the OpenMRS system (No check digit)</description>
    <creator/>
    <dateCreated id="21">2005-09-22 00:00:00</dateCreated>
    <changedBy/>
    <dateChanged id="22">2020-03-10 10:40:46</dateChanged>
    <retired>true</retired>
    <dateRetired id="23">2020-03-10 10:40:46</dateRetired>
    <retiredBy/>
    <retireReason>Not used</retireReason>
    <patientIdentifierTypeId>2</patientIdentifierTypeId>
    <required>false</required>
    <checkDigit>false</checkDigit>
  </org.openmrs.PatientIdentifierType>
  <org.openmrs.PatientIdentifierType id="24" uuid="c9da1e84-bddf-4675-927f-125ef31a785b">
    <name>Carte d’Identité</name>
    <description>Carte nationale d&apos;identité</description>
    <creator/>
    <dateCreated id="25">2020-03-10 08:32:29</dateCreated>
    <dateChanged id="26">2020-03-10 09:55:08</dateChanged>
    <retired>false</retired>
    <patientIdentifierTypeId>7</patientIdentifierTypeId>
    <required>false</required>
    <checkDigit>false</checkDigit>
    <locationBehavior>NOT_USED</locationBehavior>
  </org.openmrs.PatientIdentifierType>
</list>
